<?xml version="1.0" encoding="UTF-8"?>
<project-private xmlns="http://www.netbeans.org/ns/project-private/1">
    <editor-bookmarks xmlns="http://www.netbeans.org/ns/editor-bookmarks/2" lastBookmarkId="0"/>
    <open-files xmlns="http://www.netbeans.org/ns/projectui-open-files/2">
        <group>
            <file>file:/C:/xampp/htdocs/LaHerencia/public/footerSections.php</file>
            <file>file:/C:/xampp/htdocs/LaHerencia/public/headerSections.php</file>
            <file>file:/C:/xampp/htdocs/LaHerencia/public/header.php</file>
            <file>file:/C:/xampp/htdocs/LaHerencia/public/img/logoHerencia.png</file>
            <file>file:/C:/xampp/htdocs/LaHerencia/controller/IndexController.php</file>
            <file>file:/C:/xampp/htdocs/LaHerencia/view/indexView.php</file>
            <file>file:/C:/xampp/htdocs/LaHerencia/public/css/style.css</file>
            <file>file:/C:/xampp/htdocs/LaHerencia/public/footer.php</file>
            <file>file:/C:/xampp/htdocs/LaHerencia/view/visitUsView.php</file>
            <file>file:/C:/xampp/htdocs/LaHerencia/controller/VisitUsController.php</file>
            <file>file:/C:/xampp/htdocs/LaHerencia/public/img/found.jpg</file>
        </group>
    </open-files>
</project-private>
