<?xml version="1.0" encoding="UTF-8"?>
<project-private xmlns="http://www.netbeans.org/ns/project-private/1">
    <editor-bookmarks xmlns="http://www.netbeans.org/ns/editor-bookmarks/2" lastBookmarkId="0"/>
    <open-files xmlns="http://www.netbeans.org/ns/projectui-open-files/2">
        <group>
            <file>file:/C:/xampp/htdocs/LaHerencia/public/img/galery7.jpg</file>
            <file>file:/C:/xampp/htdocs/LaHerencia/public/img/logoHerencia.png</file>
            <file>file:/C:/xampp/htdocs/LaHerencia/controller/GaleryController.php</file>
            <file>file:/C:/xampp/htdocs/LaHerencia/view/indexView.php</file>
            <file>file:/C:/xampp/htdocs/LaHerencia/controller/ContactController.php</file>
            <file>file:/C:/xampp/htdocs/LaHerencia/libs/Config.php</file>
            <file>file:/C:/xampp/htdocs/LaHerencia/public/css/style.css</file>
            <file>file:/C:/xampp/htdocs/LaHerencia/controller/HistoryController.php</file>
            <file>file:/C:/xampp/htdocs/LaHerencia/public/img/galery5.jpg</file>
            <file>file:/C:/xampp/htdocs/LaHerencia/controller/VisitUsController.php</file>
            <file>file:/C:/xampp/htdocs/LaHerencia/public/header.php</file>
            <file>file:/C:/xampp/htdocs/LaHerencia/view/galeryView.php</file>
            <file>file:/C:/xampp/htdocs/LaHerencia/controller/IndexController.php</file>
            <file>file:/C:/xampp/htdocs/LaHerencia/public/img/galery1.jpg</file>
            <file>file:/C:/xampp/htdocs/LaHerencia/public/img/galery4.png</file>
            <file>file:/C:/xampp/htdocs/LaHerencia/view/historyView.php</file>
            <file>file:/C:/xampp/htdocs/LaHerencia/view/visitUsView.php</file>
            <file>file:/C:/xampp/htdocs/LaHerencia/view/productsView.php</file>
            <file>file:/C:/xampp/htdocs/LaHerencia/public/img/galery6.png</file>
            <file>file:/C:/xampp/htdocs/LaHerencia/view/achievementsView.php</file>
            <file>file:/C:/xampp/htdocs/LaHerencia/public/img/galery3.jpg</file>
            <file>file:/C:/xampp/htdocs/LaHerencia/public/css/bootstrap.min.css</file>
            <file>file:/C:/xampp/htdocs/LaHerencia/public/js/bootstrap.js</file>
            <file>file:/C:/xampp/htdocs/LaHerencia/public/headerSections.php</file>
            <file>file:/C:/xampp/htdocs/LaHerencia/view/contactView.php</file>
            <file>file:/C:/xampp/htdocs/LaHerencia/public/footerSections.php</file>
            <file>file:/C:/xampp/htdocs/LaHerencia/public/img/found.jpg</file>
            <file>file:/C:/xampp/htdocs/LaHerencia/public/footer.php</file>
        </group>
    </open-files>
</project-private>
